id,solicitacao,vencimento,credor,documento,descricao,valor,centro_custo,tipo_despesa,forma_pagamento,responsavel,dt_autorizacao,resp_autorizacao,status_aut,status_pgt,codigo_integracao,anexo_link,card_link,_s,_t,_u,carimbo,_w,data_pagamento,info_pgt,parcela,nf,agendado,_ac,pedido,anuente,status_anuencia,comprovante,validacao,codigo_barras,id_contrato,conta,analise_ia
1384831053,18/06/2026,24/06/2026,MARCILIO LUIZ BARBOSA,20.553.825/0001-40,Pagamento referente a serviço de instalação dos aparelhos de ar condicionados para creche olinda. Nf: 11,"6.750,00",CREPEOLINDA,Serviços de Terceiros (Pessoa Física ou Jurídica),Pix,PEDRO JOSE BENTO FERREIRA,18/06/2026,PRÉ-AUTORIZADO,Pré-Autorizado,Pagar,Int1384831053,https://www.dropbox.com/scl/fi/aezvwlehvryqf3c8y6cmn/AnexoSP1384831053.pdf?dl=1,https://app.pipefy.com/open-cards/1384831053,,,,2026-06-18 16:51:03,,,Chave Pix: 064.523.894-59,,11,,,55163,NILTON GOMES DA SILVA,SIM,,Sim,,,50302-9,"Não foram identificados lançamentos anteriores com o mesmo CNPJ, nº da Nota Fiscal 11 ou valores similares para a data informada. SEM RISCO"
1384837877,18/06/2026,24/06/2026,MARCILIO LUIZ BARBOSA,20.553.825/0001-40,Pagamento referente a serviço de instalação dos aparelhos de ar condicionados para ESC BOA VISTA. Nf: 10,"6.850,00",ESCBOAVISTA,Serviços de Terceiros (Pessoa Física ou Jurídica),Pix,PEDRO JOSE BENTO FERREIRA,18/06/2026,PRÉ-AUTORIZADO,Pré-Autorizado,Pagar,Int1384837877,https://www.dropbox.com/scl/fi/h0fs0c7iwi2pwa85ft1qu/AnexoSP1384837877.pdf?dl=1,https://app.pipefy.com/open-cards/1384837877,,,,2026-06-18 16:51:03,,,Chave Pix: 064.523.894-59,,10,,,55164,NILTON GOMES DA SILVA,SIM,,Sim,,,50302-9,Fortes indícios de duplicidade (mesmo CPF/CNPJ e serviço) com ID 1384831053. COM RISCO
1384844943,18/06/2026,10/06/2026,T S ROCHA JUAZEIRO DO NORTE ALUGUEL DE EQUIPAMENTOS LTDA,34.708.010/0006-02,Referente a renovação de locação mensal de andaimes para a obra SerraTalhada2 (contrato 506).,"1.008,00",CREPESERRATALHADA2,Locação de Equipamentos,Boleto,ITALO GLEYDSON DE ARAUJO NOGUEIRA,18/06/2026 11:59,MARCELO LEITÃO,Autorizado,Pago,Int1384844943,https://www.dropbox.com/scl/fi/jnn38eqfnmpaq0cm1xftm/AnexoSP1384844943.pdf?dl=1,https://app.pipefy.com/open-cards/1384844943,,,,2026-06-18 16:51:03,,18/06/2026,Boleto,,,Agendado,,55165,,,,Sim,00190000090379018200400000164178914730000100800,1285178499,50302-9,"Mesmo valor, credor e descrição semelhante ao ID 1357812183. COM RISCO"
1384852359,18/06/2026,25/06/2026,LOCADORA MACEDO,04.891.279/0001-00,REFERENTE A LOCAÇÃO DE TRANSPORTE UTILIZADO POR FRANCENILDO EM OBRAS. COM FATURA DE NUMERO 2569,"3.000,00","CREPESERRATALHADA1, CREPESERRATALHADA2, CREPETRIUNFO, CREPEMIRANDIBA, CREPETUPARETAMA",Despesas com Transporte,Pix,ADRIANA PATRICIA MENEZES NOVAES,18/06/2026,PRÉ-AUTORIZADO,Pré-Autorizado,Pagar,Int1384852359,https://www.dropbox.com/scl/fi/eipl2i3pb8hyiftxowopc/AnexoSP1384852359.pdf?dl=1,https://app.pipefy.com/open-cards/1384852359,,,,2026-06-18 16:51:03,,,Chave Pix: 04.891.279/0001-00,,2569,,,55166,,,,Sim,,,50302-9,"Mesmo CNPJ e valor 3.000,00 do ID 1357164469. COM RISCO"
1384859630,18/06/2026,19/06/2026,ANTHONNY LAURENTINO TEIXEIRA,090.121.014-50,,"1.782,45",CRECHESUAPE,Fundo Fixo,Pix,ANTHONNY LAURENTINO TEIXEIRA,18/06/2026,PRÉ-AUTORIZADO,Pré-Autorizado,Pagar,Int1384859630,,https://app.pipefy.com/open-cards/1384859630,,,,2026-06-18 16:51:03,,,Chave Pix: ba4b6f8f-1af6-4e39-a514-3fd71da3b8fe,,,,,55167,,,,Sim,,,50024-0,"Indícios com o lançamento 1372594442 (mesmo CPF, CC semelhante, data próxima, valor <5%). COM RISCO"
1384864652,18/06/2026,22/06/2026,LEANDRO DYOGO AMARAL VERAS,703.528.054-55,,"1.118,10",CREPEOLINDA,Fundo Fixo,Pix,LEANDRO DYOGO AMAFAL,18/06/2026,PRÉ-AUTORIZADO,Pré-Autorizado,Pagar,Int1384864652,,https://app.pipefy.com/open-cards/1384864652,,,,2026-06-18 16:51:03,,,Chave Pix: DYOGOOLEANDRO@GMAIL.COM,,,,,55168,,,,Sim,,,50024-0,"Lançamentos 1354248791 e 1372660284 próximos em data/valor, mesmo credor e CC. COM RISCO"
1384867350,18/06/2026,18/06/2026,JOAO PAULO CHAGAS DE FARIAS,10217106447,"Conta Origem: 50024-0

Despesa com Colaborador - Rescisões e Indenizações Trabalhistas
Valor Total: R$ 4.926,04

Descrição original:
TRCT - JOAO PAULO CHAGAS DE FARIAS.

Resumo do colaborador:
CPF: 102.171.064-47
Cargo: ELETRICISTA
Código da Obra: CREPESERRATALHADA1","4.926,04",CONS,Rescisões e Indenizações Trabalhistas,Pix,LUELIA MADIDA GOMES TOMAS,18/06/2026,PRÉ-AUTORIZADO,Pré-Autorizado,Pagar,Int1384867350,,https://app.pipefy.com/pipes/301426645#cards/1384867350,,,,2026-06-18 16:51:03,,,Chave Pix: Atualizar Chave Pix,001/001,,,,55169,,,,Sim,,,50024-0,"Não foram encontrados lançamentos semelhantes por CPF, data, valor ou descrição. SEM RISCO"
